epoch,time,train/box_loss,train/cls_loss,train/dfl_loss,metrics/precision(B),metrics/recall(B),metrics/mAP50(B),metrics/mAP50-95(B),val/box_loss,val/cls_loss,val/dfl_loss,lr/pg0,lr/pg1,lr/pg2
1,7.39506,5.85569,4.411,4.3256,0,0,0,0,6.40701,3.99708,4.15926,0.0991,0.0001,0.0001
2,7.98035,6.13887,4.54872,4.30667,0,0,0,0,6.40707,3.99669,4.1602,0.0973,0.000299985,0.000299985
3,8.47904,5.93265,4.50094,4.33057,0,0,0,0,6.4007,3.98038,4.14611,0.0954999,0.000499899,0.000499899
4,9.00494,5.94237,4.40402,4.31496,0,0,0,0,6.37858,3.93043,4.10355,0.0936997,0.000699682,0.000699682
5,9.50995,5.86366,4.26667,4.25954,0,0,0,0,6.35566,3.82587,4.05909,0.0918993,0.000899273,0.000899273
6,10.0148,5.72055,4.15476,4.20232,0.00146,0.04242,0.00076,0.00014,6.32316,3.76542,4.00152,0.0900986,0.00109861,0.00109861
7,10.5196,5.93518,4.14195,4.10206,0.00187,0.05455,0.00099,0.00016,6.2758,3.69713,3.9258,0.0882976,0.00129764,0.00129764
8,11.0255,5.58705,3.9672,4.04317,0.0025,0.07273,0.00134,0.00022,6.22156,3.43637,3.84985,0.0864963,0.00149629,0.00149629
9,11.6068,5.67047,3.92001,3.94494,0.0025,0.07273,0.00136,0.00024,6.15829,3.34325,3.77035,0.0846945,0.00169451,0.00169451
10,12.1115,5.69314,3.81471,3.86513,0.0025,0.07273,0.00135,0.0003,6.08406,3.29913,3.68969,0.0828922,0.00189224,0.00189224
11,12.6106,5.39331,3.7026,3.79856,0.00271,0.07879,0.00181,0.00061,6.00278,3.25561,3.60977,0.0810894,0.00208942,0.00208942
12,13.1118,5.30224,3.68429,3.7158,0.00292,0.08485,0.00159,0.00046,5.9153,3.2237,3.53741,0.079286,0.00228598,0.00228598
13,13.6582,5.1137,3.53762,3.62466,0.00292,0.08485,0.00202,0.00075,5.82783,3.20161,3.47233,0.0774819,0.00248188,0.00248188
14,14.1717,4.89141,3.4682,3.51416,0.00292,0.08485,0.00197,0.00066,5.73768,3.18746,3.41154,0.075677,0.00267704,0.00267704
15,14.6577,4.34923,3.29402,3.46217,0.00292,0.08485,0.00197,0.00067,5.64201,3.17771,3.35805,0.0738714,0.00287141,0.00287141
16,15.1857,4.36852,3.1647,3.25233,0.00292,0.08485,0.00194,0.00068,5.55606,3.17691,3.31248,0.0720649,0.00306493,0.00306493
17,15.6749,4.02994,3.09463,3.06225,0.00292,0.08485,0.0019,0.00071,5.46842,3.19044,3.27244,0.0702575,0.00325755,0.00325755
18,16.1784,3.71299,2.94861,2.89903,0.00313,0.09091,0.00205,0.00074,5.39245,3.21664,3.24003,0.0684492,0.0034492,0.0034492
19,16.6774,3.60432,2.75346,2.77517,0.00313,0.09091,0.00207,0.00072,5.35735,3.22862,3.22612,0.0666398,0.00363983,0.00363983
20,17.1726,3.29939,2.71513,2.79335,0.00313,0.09091,0.00204,0.00073,5.30055,3.25136,3.2002,0.0648294,0.00382938,0.00382938
21,17.669,3.28846,2.59833,2.57751,0.00313,0.09091,0.00198,0.00073,5.24937,3.28124,3.18084,0.0630178,0.00401779,0.00401779
22,18.1599,3.09949,2.52013,2.52852,0.00313,0.09091,0.00204,0.00074,5.20661,3.30976,3.1624,0.061205,0.00420501,0.00420501
23,18.6664,3.0887,2.51983,2.47282,0.00313,0.09091,0.00203,0.00074,5.17503,3.34155,3.15034,0.059391,0.00439098,0.00439098
24,19.1686,2.93563,2.37928,2.34393,0.00313,0.09091,0.00202,0.00073,5.14286,3.37265,3.13806,0.0575756,0.00457564,0.00457564
25,19.6608,2.86096,2.29756,2.32733,0.00313,0.09091,0.00199,0.00073,5.11995,3.39842,3.13008,0.0557589,0.00475894,0.00475894
26,20.1428,2.92196,2.21639,2.219,0.00313,0.09091,0.00203,0.00072,5.11231,3.41413,3.12741,0.0539408,0.00494083,0.00494083
27,20.6245,2.7766,2.20915,2.22604,0.00313,0.09091,0.00204,0.00074,5.10897,3.42885,3.1254,0.0521212,0.00512125,0.00512125
28,21.1157,2.84416,2.17677,2.21728,0.00313,0.09091,0.00199,0.00072,5.10714,3.44627,3.12479,0.0503001,0.00530014,0.00530014
29,21.645,2.8543,2.14283,2.30345,0.00313,0.09091,0.002,0.00068,5.09052,3.46431,3.12077,0.0484775,0.00547745,0.00547745
30,22.1276,2.83489,2.06257,2.19025,0.00573,0.07273,0.00319,0.00105,5.09549,3.48107,3.12236,0.0466531,0.00565313,0.00565313
31,22.6075,2.8082,2.05326,2.09468,0.00573,0.07273,0.00319,0.00105,5.0875,3.50195,3.12026,0.0448271,0.00582713,0.00582713
32,23.0781,2.72569,2.05288,2.13027,0.00573,0.07273,0.00319,0.00105,5.08797,3.51713,3.12145,0.0429994,0.0059994,0.0059994
33,23.5537,2.66539,1.90552,2.0491,0.00573,0.07273,0.00319,0.00105,5.07822,3.53197,3.1189,0.0411699,0.00616988,0.00616988
34,24.0299,2.77401,2.03463,2.11941,0.00573,0.07273,0.00319,0.00105,5.07399,3.55083,3.11808,0.0393385,0.00633852,0.00633852
35,24.5034,2.62512,1.92923,2.05025,0.00573,0.07273,0.00319,0.00105,5.07945,3.5661,3.12015,0.0375053,0.00650528,0.00650528
36,24.9725,2.62082,1.95785,2.0084,0.00573,0.07273,0.00319,0.00105,5.06878,3.57997,3.11807,0.0356701,0.0066701,0.0066701
37,25.4433,2.66443,1.92117,2.02893,0.00573,0.07273,0.00319,0.00105,5.08419,3.59447,3.12154,0.0338329,0.00683294,0.00683294
38,25.9591,2.58879,1.80098,1.92515,0.00573,0.07273,0.00319,0.00105,5.06227,3.60606,3.11585,0.0319937,0.00699375,0.00699375
39,26.4288,2.5661,1.7937,1.92064,0.00573,0.07273,0.00319,0.00105,5.05035,3.62196,3.11433,0.0301525,0.00715247,0.00715247
40,26.9007,2.58278,1.87877,1.91752,0.00573,0.07273,0.00319,0.00105,5.02871,3.63106,3.10451,0.0283091,0.00730908,0.00730908
41,27.3898,2.50008,1.75539,1.92678,0.00573,0.07273,0.00319,0.00105,4.95242,3.64471,3.09335,0.0264635,0.00746351,0.00746351
42,27.8689,2.48198,1.74241,1.89878,0.00573,0.07273,0.00319,0.00105,4.94466,3.65306,3.08304,0.0246157,0.00761572,0.00761572
43,28.3407,2.49255,1.72375,1.89298,0.00595,0.02424,0.00305,0.00129,4.8163,3.66012,3.06294,0.0227657,0.00776567,0.00776567
44,28.8192,2.49218,1.70569,1.87426,0.00424,0.01818,0.00216,0.00086,4.79886,3.66534,3.05552,0.0209133,0.00791332,0.00791332
45,29.2866,2.44676,1.7263,1.90356,0.01897,0.08485,0.01029,0.00397,4.58691,3.65639,3.00161,0.0190586,0.00805862,0.00805862
46,29.7793,2.51915,1.53223,1.80553,0.02436,0.11515,0.01447,0.00635,4.40477,3.6406,2.96891,0.0172015,0.00820154,0.00820154
47,30.3217,2.46022,1.61834,1.80636,0.03727,0.18182,0.02429,0.00789,4.25415,3.61224,2.90156,0.015342,0.00834202,0.00834202
48,30.8101,2.34532,1.58165,1.82995,0.05199,0.30909,0.11465,0.02721,3.85514,3.49936,2.77496,0.01348,0.00848004,0.00848004
49,31.2933,2.40293,1.53326,1.86547,0.06024,0.39394,0.12307,0.03569,3.6875,3.40516,2.65507,0.0116155,0.00861554,0.00861554
50,31.7713,2.3604,1.48352,1.77093,0.05862,0.40606,0.1535,0.04304,3.58151,3.31051,2.62407,0.0097485,0.0087485,0.0087485
51,32.2529,2.26427,1.46136,1.75324,0.06196,0.56364,0.20235,0.05468,3.27359,3.09941,2.4337,0.00879096,0.00879096,0.00879096
52,32.73,2.2519,1.40969,1.72104,0.79481,0.11744,0.25377,0.07798,3.04218,2.8311,2.29604,0.00874429,0.00874429,0.00874429
53,33.2071,2.32645,1.488,1.76119,0.23649,0.40606,0.19894,0.05617,3.051,2.89397,2.27426,0.00869687,0.00869687,0.00869687
54,33.6688,2.21326,1.51202,1.7496,0.28432,0.13333,0.17697,0.04786,3.09328,2.7287,2.27593,0.0086487,0.0086487,0.0086487
55,34.1354,2.2026,1.45983,1.68086,0.5909,0.12259,0.241,0.05929,3.1049,2.79669,2.2248,0.0085998,0.0085998,0.0085998
56,34.6323,2.20659,1.5418,1.69351,0.30346,0.26667,0.2499,0.07492,2.93361,2.27289,2.16222,0.00855018,0.00855018,0.00855018
57,35.0989,2.11322,1.36421,1.66701,0.49849,0.34545,0.3755,0.09282,2.86179,2.21786,2.1037,0.00849984,0.00849984,0.00849984
58,35.5776,2.2658,1.40822,1.71439,0.49211,0.30909,0.32924,0.09651,2.76335,2.28223,2.06559,0.0084488,0.0084488,0.0084488
59,36.0437,2.16854,1.41552,1.67228,0.64537,0.50736,0.54339,0.1743,2.55339,1.66128,1.91856,0.00839707,0.00839707,0.00839707
60,36.5227,2.06608,1.23324,1.5333,0.21582,0.2919,0.17922,0.0426,2.87699,2.28436,2.17307,0.00834465,0.00834465,0.00834465
61,36.9917,2.2194,1.46308,1.72977,0.66047,0.40606,0.48004,0.1853,2.33201,1.76107,1.79736,0.00829156,0.00829156,0.00829156
62,37.4839,2.1219,1.35115,1.60304,0.49933,0.45455,0.39007,0.1061,2.63131,1.94011,2.01962,0.00823781,0.00823781,0.00823781
63,37.9468,2.17374,1.38691,1.69805,0.70348,0.56364,0.6477,0.26341,2.18317,1.50198,1.71327,0.00818341,0.00818341,0.00818341
64,38.4501,2.06587,1.29065,1.55212,0.64575,0.51515,0.54046,0.17342,2.44948,1.67859,1.86162,0.00812837,0.00812837,0.00812837
65,38.9156,2.0754,1.3033,1.5964,0.79711,0.61818,0.71705,0.32857,2.0253,1.30933,1.58153,0.00807271,0.00807271,0.00807271
66,39.4052,1.96294,1.21662,1.52684,0.72754,0.59394,0.66879,0.23991,2.27211,1.54902,1.75439,0.00801642,0.00801642,0.00801642
67,39.8715,2.00308,1.2255,1.47699,0.80968,0.64848,0.74864,0.33249,2.0002,1.28105,1.58575,0.00795954,0.00795954,0.00795954
68,40.358,2.04401,1.22929,1.53174,0.74069,0.68485,0.72951,0.2631,2.21987,1.43173,1.70681,0.00790206,0.00790206,0.00790206
69,40.8244,2.01464,1.21297,1.51238,0.79714,0.68485,0.77397,0.32862,2.05272,1.25866,1.62766,0.00784399,0.00784399,0.00784399
70,41.2942,2.06074,1.22477,1.53022,0.68308,0.64009,0.69057,0.25284,2.19745,1.37219,1.69757,0.00778536,0.00778536,0.00778536
71,41.7608,1.91637,1.23307,1.52599,0.87571,0.6303,0.79367,0.36008,1.98047,1.23824,1.57134,0.00772617,0.00772617,0.00772617
72,42.2467,2.01123,1.20191,1.49602,0.82013,0.66323,0.79349,0.37158,1.94917,1.21244,1.54005,0.00766644,0.00766644,0.00766644
73,42.7244,1.92384,1.17009,1.48325,0.90966,0.67132,0.82719,0.41318,1.87403,1.10312,1.47299,0.00760617,0.00760617,0.00760617
74,43.2058,1.96779,1.18774,1.53838,0.79774,0.7171,0.81427,0.37891,1.92989,1.20635,1.52252,0.00754538,0.00754538,0.00754538
75,43.6705,1.88145,1.17302,1.47658,0.87401,0.69697,0.83893,0.39853,1.92082,1.11534,1.48982,0.00748408,0.00748408,0.00748408
76,44.1396,1.90749,1.18789,1.46686,0.92389,0.73565,0.86168,0.40751,1.90552,1.10638,1.49531,0.00742228,0.00742228,0.00742228
77,44.6112,1.87665,1.09536,1.41797,0.90193,0.64848,0.81419,0.37765,1.93447,1.20888,1.51174,0.00736,0.00736,0.00736
78,45.0789,2.00818,1.20334,1.54697,0.89146,0.74665,0.87104,0.43255,1.84065,1.0815,1.4442,0.00729725,0.00729725,0.00729725
79,45.6026,1.86357,1.14311,1.45043,0.72379,0.66667,0.73302,0.37572,1.8704,1.42217,1.49899,0.00723404,0.00723404,0.00723404
80,46.0731,1.81943,1.0911,1.43557,0.90597,0.72727,0.85103,0.40427,1.98011,1.10693,1.5146,0.00717039,0.00717039,0.00717039
81,46.5516,1.79609,1.14275,1.50843,0.81163,0.58788,0.66446,0.28137,2.21331,1.49259,1.66824,0.0071063,0.0071063,0.0071063
82,47.0279,1.9238,1.20435,1.44997,0.74508,0.76169,0.81334,0.40887,1.90936,1.18576,1.49943,0.0070418,0.0070418,0.0070418
83,47.5233,1.78625,1.08102,1.40725,0.9383,0.7374,0.8569,0.42907,1.84825,1.01954,1.44133,0.00697689,0.00697689,0.00697689
84,47.9917,1.83553,1.08866,1.42696,0.93961,0.75446,0.89191,0.42526,1.81691,1.05406,1.45387,0.00691158,0.00691158,0.00691158
85,48.4608,1.82938,1.08295,1.43036,0.8983,0.80298,0.89556,0.42872,1.93381,1.00885,1.46907,0.0068459,0.0068459,0.0068459
86,48.9294,1.85236,1.04792,1.38648,0.91684,0.71515,0.87053,0.42707,1.8954,1.13472,1.49279,0.00677985,0.00677985,0.00677985
87,49.3991,1.79382,1.07488,1.41197,0.92303,0.79944,0.90086,0.43837,1.8391,1.00039,1.4318,0.00671344,0.00671344,0.00671344
88,49.959,1.77381,1.05595,1.38037,0.86936,0.8,0.88278,0.45379,1.76077,1.04947,1.40549,0.0066467,0.0066467,0.0066467
89,50.4416,1.7429,1.05206,1.33203,0.94953,0.7982,0.9167,0.47879,1.71913,0.96019,1.38436,0.00657963,0.00657963,0.00657963
90,50.9227,1.71074,1.00906,1.36118,0.94404,0.81789,0.91462,0.465,1.86151,0.97731,1.44975,0.00651225,0.00651225,0.00651225
91,51.3893,1.74848,1.00224,1.34774,0.85718,0.81212,0.88772,0.41913,1.85553,1.01895,1.47515,0.00644458,0.00644458,0.00644458
92,51.8701,1.74511,0.99296,1.35671,0.9348,0.83636,0.92634,0.49053,1.77848,0.9299,1.39562,0.00637661,0.00637661,0.00637661
93,52.3547,1.82192,1.00479,1.35905,0.88064,0.83636,0.91881,0.47568,1.67659,0.97779,1.36693,0.00630838,0.00630838,0.00630838
94,52.8258,1.76896,1.00719,1.38761,0.9557,0.78459,0.91914,0.48902,1.74166,0.92622,1.3689,0.00623989,0.00623989,0.00623989
95,53.2915,1.75737,0.99732,1.33002,0.90469,0.86289,0.93668,0.47813,1.67022,0.9495,1.3592,0.00617116,0.00617116,0.00617116
96,53.7584,1.78581,0.99947,1.39619,0.91983,0.81818,0.91842,0.48331,1.6893,0.90857,1.34002,0.0061022,0.0061022,0.0061022
97,54.2905,1.66886,0.97115,1.33168,0.94325,0.77576,0.90843,0.49322,1.6287,0.95796,1.33617,0.00603302,0.00603302,0.00603302
98,54.7719,1.74806,1.03077,1.40807,0.83897,0.86667,0.89845,0.40832,1.97706,0.9992,1.4726,0.00596365,0.00596365,0.00596365
99,55.2445,1.69694,0.98087,1.3316,0.89154,0.79709,0.90521,0.51291,1.64174,0.96193,1.32577,0.00589408,0.00589408,0.00589408
100,55.7223,1.64599,0.94872,1.33642,0.86346,0.84242,0.88259,0.39696,2.0178,1.00487,1.50898,0.00582435,0.00582435,0.00582435
101,56.1956,1.67974,0.94707,1.33399,0.90945,0.88485,0.94655,0.53533,1.59238,0.88707,1.31294,0.00575446,0.00575446,0.00575446
102,56.673,1.68055,0.98626,1.35513,0.88932,0.87653,0.92277,0.47054,1.72833,0.95815,1.37455,0.00568442,0.00568442,0.00568442
103,57.1421,1.66604,0.98029,1.32288,0.91835,0.88616,0.94439,0.51329,1.59495,0.88839,1.29499,0.00561426,0.00561426,0.00561426
104,57.6123,1.53197,0.90606,1.26811,0.90242,0.89697,0.93427,0.49414,1.70392,0.89853,1.3382,0.00554398,0.00554398,0.00554398
105,58.0773,1.63221,0.94993,1.35825,0.90964,0.8542,0.92062,0.44108,1.87554,0.9318,1.42006,0.0054736,0.0054736,0.0054736
106,58.6105,1.71241,0.95789,1.3299,0.89591,0.83464,0.92424,0.52299,1.61041,0.90714,1.30728,0.00540313,0.00540313,0.00540313
107,59.0893,1.58793,0.93508,1.33044,0.9109,0.90303,0.94276,0.46087,1.74001,0.92607,1.36997,0.00533259,0.00533259,0.00533259
108,59.5531,1.72357,0.95009,1.32559,0.89602,0.89091,0.94889,0.5432,1.50774,0.84653,1.26272,0.00526199,0.00526199,0.00526199
109,60.0509,1.59437,0.92025,1.30373,0.91865,0.82424,0.92475,0.51209,1.58787,0.8977,1.28426,0.00519135,0.00519135,0.00519135
110,60.5163,1.55831,0.91176,1.28257,0.92864,0.86763,0.94919,0.53669,1.54803,0.90001,1.28298,0.00512068,0.00512068,0.00512068
111,60.9829,1.60418,0.94293,1.33133,0.9331,0.83636,0.93299,0.51242,1.56117,0.87954,1.28196,0.00505,0.00505,0.00505
112,61.467,1.60081,0.91025,1.27516,0.8868,0.85458,0.92871,0.50061,1.6353,0.886,1.3314,0.00497932,0.00497932,0.00497932
113,61.9451,1.65789,0.94662,1.31009,0.92186,0.858,0.92947,0.5377,1.52418,0.87896,1.27488,0.00490865,0.00490865,0.00490865
114,62.425,1.57743,0.87873,1.2482,0.91371,0.89845,0.95093,0.54365,1.52831,0.84947,1.26715,0.00483801,0.00483801,0.00483801
115,62.969,1.57338,0.8981,1.28909,0.94207,0.88703,0.93473,0.5195,1.55037,0.86731,1.27428,0.00476741,0.00476741,0.00476741
116,63.4337,1.60013,0.91387,1.31863,0.93692,0.90024,0.94238,0.52756,1.55753,0.89324,1.28376,0.00469687,0.00469687,0.00469687
117,63.9019,1.57756,0.89487,1.27332,0.92421,0.89091,0.95155,0.5527,1.46827,0.83947,1.25378,0.0046264,0.0046264,0.0046264
118,64.3808,1.58072,0.87736,1.29239,0.94093,0.90303,0.95654,0.54259,1.52275,0.85365,1.26003,0.00455602,0.00455602,0.00455602
119,64.844,1.53432,0.88178,1.25351,0.94703,0.86667,0.95129,0.55985,1.48966,0.86353,1.25838,0.00448574,0.00448574,0.00448574
120,65.3245,1.54928,0.90579,1.30534,0.95417,0.88325,0.95003,0.55639,1.49582,0.8684,1.24834,0.00441558,0.00441558,0.00441558
121,65.7893,1.59345,0.88139,1.23967,0.92961,0.88048,0.94443,0.5354,1.53714,0.84541,1.27921,0.00434554,0.00434554,0.00434554
122,66.2548,1.581,0.9036,1.3186,0.96164,0.90303,0.95875,0.56807,1.44958,0.80818,1.23132,0.00427565,0.00427565,0.00427565
123,66.7458,1.5446,0.8504,1.23464,0.94631,0.89697,0.95144,0.50841,1.60226,0.84477,1.30548,0.00420592,0.00420592,0.00420592
124,67.2756,1.58695,0.89108,1.29738,0.95445,0.88897,0.95492,0.56239,1.43866,0.81085,1.23531,0.00413635,0.00413635,0.00413635
125,67.7434,1.50173,0.85861,1.26258,0.97284,0.8682,0.94641,0.55873,1.46234,0.83427,1.23715,0.00406698,0.00406698,0.00406698
126,68.216,1.50723,0.87663,1.2648,0.92511,0.89835,0.94621,0.56133,1.43242,0.82682,1.22253,0.0039978,0.0039978,0.0039978
127,68.6877,1.56428,0.87778,1.28789,0.9537,0.87386,0.95066,0.55246,1.48557,0.83623,1.24998,0.00392884,0.00392884,0.00392884
128,69.1578,1.45478,0.85555,1.2154,0.94599,0.89697,0.95374,0.5845,1.40314,0.80053,1.20977,0.00386011,0.00386011,0.00386011
129,69.6438,1.46889,0.84186,1.2258,0.94877,0.89799,0.95043,0.55486,1.49032,0.81453,1.24806,0.00379162,0.00379162,0.00379162
130,70.111,1.49277,0.84149,1.2426,0.96067,0.88832,0.95449,0.59003,1.38258,0.7651,1.19608,0.00372339,0.00372339,0.00372339
131,70.5898,1.4488,0.81653,1.20563,0.95444,0.88881,0.9561,0.5674,1.4707,0.79529,1.22734,0.00365542,0.00365542,0.00365542
132,71.0607,1.49534,0.8535,1.26421,0.96093,0.89443,0.95746,0.5882,1.37726,0.76505,1.18803,0.00358775,0.00358775,0.00358775
133,71.592,1.4408,0.82143,1.21791,0.96707,0.88997,0.95718,0.5806,1.42521,0.78668,1.21434,0.00352037,0.00352037,0.00352037
134,72.0613,1.45482,0.84211,1.26637,0.93633,0.89125,0.94999,0.58229,1.3785,0.76293,1.19252,0.0034533,0.0034533,0.0034533
135,72.5431,1.44636,0.8197,1.22118,0.95042,0.90303,0.95609,0.5806,1.41253,0.77312,1.2145,0.00338656,0.00338656,0.00338656
136,73.0107,1.41956,0.8214,1.23392,0.94101,0.89697,0.94918,0.59118,1.35509,0.75067,1.18947,0.00332015,0.00332015,0.00332015
137,73.493,1.53699,0.82199,1.21618,0.92973,0.88208,0.94662,0.55779,1.46299,0.77799,1.24169,0.0032541,0.0032541,0.0032541
138,73.9615,1.44388,0.82277,1.24944,0.91012,0.92056,0.95688,0.5816,1.36633,0.76213,1.20131,0.00318842,0.00318842,0.00318842
139,74.4283,1.43831,0.80491,1.20336,0.93126,0.89091,0.9512,0.56738,1.42864,0.78184,1.22699,0.00312311,0.00312311,0.00312311
140,74.8971,1.45395,0.82713,1.21672,0.94012,0.85631,0.94011,0.56512,1.40792,0.7835,1.21273,0.0030582,0.0030582,0.0030582
141,75.3648,1.48485,0.81463,1.22502,0.9148,0.91106,0.95511,0.58109,1.38143,0.76231,1.20087,0.0029937,0.0029937,0.0029937
142,75.8854,1.41808,0.80283,1.20785,0.9372,0.9045,0.9573,0.58396,1.37165,0.77248,1.19384,0.00292961,0.00292961,0.00292961
143,76.3488,1.4345,0.8093,1.2006,0.94266,0.89697,0.95972,0.59105,1.34652,0.75748,1.18368,0.00286596,0.00286596,0.00286596
144,76.846,1.43545,0.80792,1.21762,0.93957,0.90909,0.9588,0.59206,1.35182,0.77014,1.18691,0.00280275,0.00280275,0.00280275
145,77.3272,1.42571,0.81157,1.23134,0.91595,0.92466,0.95439,0.60462,1.32276,0.75761,1.17417,0.00274,0.00274,0.00274
146,77.8043,1.47818,0.85442,1.251,0.93556,0.89697,0.956,0.58783,1.37692,0.79648,1.20691,0.00267772,0.00267772,0.00267772
147,78.2832,1.43122,0.81995,1.23344,0.94131,0.88485,0.95573,0.56583,1.43387,0.78453,1.22242,0.00261592,0.00261592,0.00261592
148,78.752,1.37041,0.79843,1.2091,0.93575,0.8827,0.95278,0.5887,1.36251,0.77777,1.1912,0.00255462,0.00255462,0.00255462
149,79.2195,1.40317,0.79674,1.23039,0.92072,0.91505,0.96227,0.60503,1.31327,0.73717,1.17336,0.00249383,0.00249383,0.00249383
150,79.6994,1.39178,0.79958,1.20061,0.95448,0.88949,0.95833,0.59645,1.35123,0.74184,1.18578,0.00243356,0.00243356,0.00243356
151,80.2348,1.4014,0.7773,1.18758,0.93863,0.92121,0.9643,0.585,1.36837,0.73331,1.19519,0.00237383,0.00237383,0.00237383
152,80.7052,1.46828,0.80135,1.2238,0.93759,0.92727,0.95669,0.60637,1.3073,0.72528,1.16492,0.00231464,0.00231464,0.00231464
153,81.1892,1.43319,0.79145,1.21622,0.93498,0.91515,0.95772,0.59227,1.36752,0.75813,1.19023,0.00225601,0.00225601,0.00225601
154,81.6576,1.36116,0.77426,1.19745,0.91658,0.93232,0.95772,0.60496,1.30923,0.73565,1.16923,0.00219794,0.00219794,0.00219794
155,82.1262,1.35923,0.76796,1.1857,0.92765,0.93244,0.95592,0.6005,1.32597,0.73677,1.17726,0.00214046,0.00214046,0.00214046
156,82.5899,1.35483,0.78116,1.17205,0.9387,0.92809,0.95975,0.58981,1.34673,0.73463,1.18653,0.00208358,0.00208358,0.00208358
157,83.0744,1.36143,0.77515,1.19811,0.9427,0.92727,0.96084,0.61378,1.29008,0.7225,1.16607,0.00202729,0.00202729,0.00202729
158,83.5563,1.41224,0.76665,1.1821,0.91029,0.92252,0.95461,0.58441,1.36698,0.7324,1.19519,0.00197163,0.00197163,0.00197163
159,84.0277,1.40282,0.78915,1.21488,0.89031,0.93465,0.94716,0.60979,1.30698,0.72893,1.17108,0.00191659,0.00191659,0.00191659
160,84.5381,1.34239,0.75445,1.1533,0.89731,0.90025,0.94921,0.57891,1.38763,0.74934,1.19972,0.00186219,0.00186219,0.00186219
161,85.0032,1.36266,0.7567,1.16559,0.87365,0.92194,0.95351,0.59564,1.3371,0.73273,1.1818,0.00180844,0.00180844,0.00180844
162,85.4675,1.34371,0.76348,1.1697,0.91574,0.92218,0.95794,0.60869,1.30979,0.71893,1.16934,0.00175535,0.00175535,0.00175535
163,85.9365,1.35002,0.76349,1.17828,0.93157,0.90764,0.95954,0.61468,1.30598,0.72415,1.16468,0.00170293,0.00170293,0.00170293
164,86.4167,1.37161,0.7646,1.18253,0.95086,0.89091,0.95813,0.59342,1.33786,0.73344,1.18061,0.0016512,0.0016512,0.0016512
165,86.883,1.44072,0.8557,1.30887,0.94305,0.90326,0.96059,0.61594,1.29433,0.7247,1.16858,0.00160016,0.00160016,0.00160016
166,87.3627,1.3348,0.76492,1.1593,0.93856,0.93333,0.96038,0.61999,1.29235,0.72118,1.16509,0.00154982,0.00154982,0.00154982
167,87.8463,1.33061,0.75871,1.15666,0.94429,0.89697,0.95878,0.60304,1.34118,0.73444,1.18076,0.0015002,0.0015002,0.0015002
168,88.3186,1.33607,0.76547,1.2088,0.92457,0.94545,0.95863,0.61435,1.29824,0.7138,1.16524,0.0014513,0.0014513,0.0014513
169,88.7873,1.42123,0.75815,1.16753,0.90881,0.93939,0.9596,0.59433,1.35728,0.72519,1.18331,0.00140313,0.00140313,0.00140313
170,89.2679,1.34203,0.77848,1.19425,0.91761,0.94496,0.95781,0.61171,1.29511,0.71605,1.16026,0.00135571,0.00135571,0.00135571
171,89.7338,1.29703,0.74996,1.16381,0.90568,0.94545,0.95907,0.61628,1.28237,0.70585,1.15649,0.00130904,0.00130904,0.00130904
172,90.2,1.32801,0.76039,1.19094,0.92944,0.94545,0.96004,0.62277,1.2682,0.70821,1.15369,0.00126313,0.00126313,0.00126313
173,90.6812,1.31278,0.75219,1.16135,0.92452,0.93333,0.9602,0.62657,1.26013,0.70913,1.14951,0.001218,0.001218,0.001218
174,91.1712,1.34168,0.75326,1.16767,0.92729,0.92757,0.96032,0.62325,1.27829,0.71006,1.15507,0.00117365,0.00117365,0.00117365
175,91.6364,1.39312,0.78696,1.20152,0.91145,0.93571,0.95878,0.60731,1.31306,0.71202,1.16632,0.00113008,0.00113008,0.00113008
176,92.1048,1.36055,0.74898,1.13958,0.95447,0.88933,0.95776,0.58836,1.36915,0.7366,1.18717,0.00108732,0.00108732,0.00108732
177,92.5747,1.38414,0.78234,1.1891,0.91661,0.93333,0.95766,0.60789,1.32497,0.72228,1.17156,0.00104537,0.00104537,0.00104537
178,93.0821,1.3371,0.77331,1.21148,0.93304,0.92727,0.95935,0.62647,1.26963,0.70435,1.14988,0.00100423,0.00100423,0.00100423
179,93.5605,1.33258,0.76294,1.16772,0.93658,0.93333,0.95998,0.62822,1.24802,0.70114,1.14026,0.000963914,0.000963914,0.000963914
180,94.0492,1.3369,0.74538,1.14692,0.93344,0.93495,0.96043,0.6259,1.25986,0.70077,1.14738,0.000924434,0.000924434,0.000924434
181,94.5281,1.34524,0.73089,1.11952,0.93944,0.93939,0.95869,0.61016,1.30734,0.70226,1.1616,0.000885795,0.000885795,0.000885795
182,94.9971,1.28117,0.73651,1.14859,0.93517,0.93939,0.95934,0.61494,1.28222,0.69628,1.15282,0.000848005,0.000848005,0.000848005
183,95.5177,1.26439,0.70759,1.11665,0.9392,0.93624,0.95993,0.61991,1.27801,0.69872,1.14912,0.000811072,0.000811072,0.000811072
184,95.9841,1.30372,0.74818,1.15629,0.93338,0.93402,0.95549,0.63722,1.24289,0.68143,1.13408,0.000775004,0.000775004,0.000775004
185,96.4778,1.32392,0.75423,1.18357,0.93962,0.94309,0.96119,0.63802,1.23278,0.68083,1.13289,0.000739807,0.000739807,0.000739807
186,96.957,1.32221,0.73989,1.14216,0.93892,0.93163,0.96074,0.63544,1.24476,0.68617,1.13731,0.000705489,0.000705489,0.000705489
187,97.4312,1.34072,0.74601,1.15071,0.92708,0.92463,0.95979,0.62269,1.26822,0.69109,1.14481,0.000672057,0.000672057,0.000672057
188,97.8976,1.31098,0.74261,1.16719,0.92796,0.93939,0.95964,0.62857,1.26047,0.69035,1.14196,0.000639518,0.000639518,0.000639518
189,98.3641,1.34095,0.7781,1.20354,0.93859,0.92628,0.96059,0.62937,1.23617,0.6871,1.13347,0.000607878,0.000607878,0.000607878
190,98.835,1.27372,0.73614,1.18088,0.939,0.93939,0.96222,0.63438,1.21815,0.69034,1.12882,0.000577144,0.000577144,0.000577144
191,99.3009,1.30634,0.72219,1.14324,0.92737,0.92856,0.9606,0.64204,1.22542,0.69608,1.13079,0.000547322,0.000547322,0.000547322
192,99.8436,1.31416,0.7405,1.1567,0.92182,0.92899,0.95938,0.63719,1.23626,0.69969,1.13514,0.000518418,0.000518418,0.000518418
193,100.308,1.30708,0.73236,1.14717,0.91681,0.92727,0.95877,0.63478,1.26722,0.70423,1.14666,0.000490438,0.000490438,0.000490438
194,100.779,1.30297,0.73133,1.1399,0.91388,0.93333,0.95861,0.62625,1.2813,0.70216,1.15227,0.000463388,0.000463388,0.000463388
195,101.245,1.28857,0.72628,1.15567,0.91185,0.94044,0.95928,0.62436,1.27307,0.69666,1.14927,0.000437273,0.000437273,0.000437273
196,101.708,1.29343,0.72199,1.14351,0.9119,0.94101,0.95943,0.61851,1.27697,0.69641,1.15008,0.000412099,0.000412099,0.000412099
197,102.175,1.27255,0.7246,1.138,0.91689,0.93607,0.9613,0.62219,1.25697,0.69167,1.14415,0.00038787,0.00038787,0.00038787
198,102.639,1.28477,0.71753,1.15121,0.9164,0.93015,0.96186,0.62783,1.23727,0.68425,1.13472,0.000364593,0.000364593,0.000364593
199,103.112,1.31122,0.73444,1.12085,0.91634,0.92931,0.96189,0.62685,1.23967,0.6826,1.13402,0.00034227,0.00034227,0.00034227
200,103.58,1.27727,0.71386,1.13023,0.9109,0.92944,0.96044,0.62906,1.23687,0.68562,1.13191,0.000320908,0.000320908,0.000320908
201,104.892,1.33005,0.89415,1.19586,0.91539,0.94545,0.96095,0.63319,1.22335,0.68155,1.12595,0.00030051,0.00030051,0.00030051
202,105.476,1.33668,0.90122,1.22598,0.92289,0.94299,0.96102,0.63503,1.21168,0.68037,1.12188,0.00028108,0.00028108,0.00028108
203,105.955,1.32222,0.88809,1.22358,0.93999,0.93939,0.96159,0.63518,1.20805,0.68077,1.12011,0.000262623,0.000262623,0.000262623
204,106.432,1.28817,0.84313,1.17913,0.94489,0.93514,0.96163,0.64291,1.21202,0.68394,1.12174,0.000245142,0.000245142,0.000245142
205,106.928,1.30141,0.8466,1.21408,0.93892,0.93162,0.95526,0.63684,1.21947,0.68973,1.1245,0.000228641,0.000228641,0.000228641
206,107.405,1.25592,0.8069,1.15244,0.93894,0.93191,0.95547,0.63079,1.22815,0.70068,1.12714,0.000213123,0.000213123,0.000213123
207,107.887,1.29713,0.8239,1.16939,0.92516,0.93333,0.95522,0.6238,1.23395,0.71072,1.12984,0.000198591,0.000198591,0.000198591
208,108.403,1.28626,0.79605,1.13902,0.92704,0.93333,0.95468,0.6251,1.23642,0.71903,1.13218,0.000185049,0.000185049,0.000185049
209,108.882,1.33489,0.82853,1.18658,0.92125,0.92175,0.95355,0.62494,1.23747,0.72876,1.13327,0.000172499,0.000172499,0.000172499
210,109.353,1.21661,0.78254,1.16203,0.91964,0.93333,0.95184,0.62775,1.23581,0.73366,1.13295,0.000160943,0.000160943,0.000160943
211,109.84,1.26087,0.81616,1.23384,0.92791,0.9361,0.95298,0.62531,1.23476,0.73558,1.13321,0.000150384,0.000150384,0.000150384
212,110.307,1.29016,0.81621,1.1888,0.92762,0.93201,0.95329,0.62795,1.23347,0.73602,1.13252,0.000140824,0.000140824,0.000140824
213,110.775,1.27229,0.79374,1.15525,0.91973,0.93333,0.95292,0.62702,1.23056,0.73412,1.13097,0.000132265,0.000132265,0.000132265
214,111.262,1.24599,0.79036,1.18791,0.92771,0.93333,0.95368,0.62667,1.22821,0.72928,1.13011,0.00012471,0.00012471,0.00012471
215,111.74,1.28926,0.81845,1.19992,0.92651,0.93333,0.95414,0.62918,1.22372,0.72315,1.1279,0.000118158,0.000118158,0.000118158
216,112.219,1.24998,0.7966,1.1706,0.93678,0.93333,0.95473,0.62856,1.21994,0.71571,1.12653,0.000112612,0.000112612,0.000112612
217,112.728,1.23239,0.77766,1.1593,0.94115,0.92121,0.95467,0.63289,1.21605,0.70936,1.12481,0.000108073,0.000108073,0.000108073
218,113.197,1.27917,0.80817,1.16572,0.93795,0.91618,0.95342,0.63803,1.21564,0.70377,1.12419,0.000104542,0.000104542,0.000104542
219,113.663,1.25099,0.78292,1.13778,0.94517,0.92121,0.96364,0.63924,1.2148,0.69863,1.1243,0.000102019,0.000102019,0.000102019
220,114.171,1.26588,0.78655,1.14188,0.94609,0.92121,0.9636,0.63934,1.21381,0.69364,1.12437,0.000100505,0.000100505,0.000100505
